ts,product_id,open,high,low,close,volume
1784858400,BTC-USD,65030.01,65137.83,64869.95,65066.98,119.60074698
1784858400,ETH-USD,1871.41,1877.15,1863.11,1867.81,5740.55771998
1784858400,SOL-USD,75.63,75.86,75.24,75.47,11726.75361461
1784858400,XRP-USD,1.1086,1.1092,1.1041,1.1056,1157669.343144
1784858400,DOGE-USD,0.06924,0.06943,0.06877,0.06912,3705818.6
1784858400,ADA-USD,0.167,0.1677,0.1664,0.1666,993381.13292525
1784858400,AVAX-USD,6.24,6.26,6.2,6.24,2483.9336997
1784858400,LINK-USD,8.431,8.441,8.387,8.411,4797.9
1784858400,DOT-USD,0.816,0.817,0.811,0.813,8421.1630201
1784858400,LTC-USD,46.94,47.01,46.54,46.63,3825.4699053
1784858400,BCH-USD,209.85,210.68,209.17,209.7,158.65531221
1784858400,NEAR-USD,1.892,1.898,1.875,1.875,88121.951
1784858400,ATOM-USD,1.426,1.428,1.42,1.421,5311.08
1784858400,UNI-USD,3.781,3.788,3.732,3.741,37104.252503
1784858400,APT-USD,0.6201,0.6222,0.6114,0.6121,52054.844
1784858400,ARB-USD,0.086,0.086,0.0847,0.0849,21072.58
1784858400,OP-USD,0.093,0.094,0.093,0.094,24699.65
1784858400,SUI-USD,0.743,0.7445,0.7398,0.7413,47800.5
1784858400,INJ-USD,5.461,5.6,5.362,5.364,26943.7
1784858400,AAVE-USD,95.46,95.53,94.62,94.76,123.856
1784858400,ENA-USD,0.089,0.0894,0.0885,0.0885,3258437.2
1784858400,HBAR-USD,0.071,0.0712,0.07053,0.0707,1778676.3
1784858400,ONDO-USD,0.40076,0.40272,0.39692,0.39789,417564.17
1784858400,PAXG-USD,4039.56,4042.49,4019.08,4019.73,7.97301
1784858400,PEPE-USD,2.78e-06,2.78e-06,2.77e-06,2.77e-06,6205787789
1784858400,SHIB-USD,4.13e-06,4.14e-06,4.11e-06,4.11e-06,586580471
1784858400,XLM-USD,0.182294,0.18253,0.181511,0.181926,916919.98478483
1784858400,ZEC-USD,507.01,507.3,503.51,505.25,527.54041141
1784869200,BTC-USD,65263.39,65345.74,65182.84,65268.43,108.59559822
1784869200,ETH-USD,1874.58,1880.79,1872,1879.28,1465.14700063
1784869200,SOL-USD,75.61,75.88,75.54,75.73,9244.55681617
1784869200,XRP-USD,1.1063,1.1098,1.1053,1.1091,667691.845017
1784869200,DOGE-USD,0.06903,0.06921,0.06892,0.06917,5552495.2
1784869200,ADA-USD,0.1673,0.1674,0.1665,0.1666,1703565.18901242
1784869200,AVAX-USD,6.27,6.29,6.24,6.24,12387.33461521
1784869200,LINK-USD,8.422,8.451,8.418,8.436,7050.39
1784869200,DOT-USD,0.814,0.816,0.809,0.81,15856.39758002
1784869200,LTC-USD,46.68,46.82,46.62,46.68,3193.82059717
1784869200,BCH-USD,210.85,211.75,210.65,211.16,232.6534041
1784869200,NEAR-USD,1.895,1.904,1.892,1.899,107756.137
1784869200,ATOM-USD,1.425,1.428,1.419,1.42,13203.44
1784869200,UNI-USD,3.774,3.84,3.773,3.83,53685.926502
1784869200,APT-USD,0.6167,0.6211,0.6167,0.6208,17411.251
1784869200,ARB-USD,0.0852,0.0855,0.0852,0.0854,8726.16
1784865600,OP-USD,0.094,0.095,0.094,0.094,32565.4
1784869200,SUI-USD,0.7425,0.7435,0.7415,0.7426,60356.5
1784869200,INJ-USD,5.422,5.448,5.363,5.405,14881.29
1784869200,AAVE-USD,95.16,96.38,95.06,95.64,435.85
1784869200,ENA-USD,0.0896,0.0899,0.0895,0.0895,2712526.4
1784869200,HBAR-USD,0.07096,0.07146,0.07091,0.07125,1259162
1784869200,ONDO-USD,0.4043,0.40609,0.40042,0.4027,165953.06
1784869200,PAXG-USD,4023.1,4025.69,4017.41,4020,2.3797
1784869200,PEPE-USD,2.77e-06,2.78e-06,2.76e-06,2.77e-06,3882967746
1784869200,SHIB-USD,4.16e-06,4.17e-06,4.15e-06,4.16e-06,412313958
1784869200,XLM-USD,0.183754,0.18462,0.183682,0.18449,1406871.28583928
1784869200,ZEC-USD,509.04,510.37,507.56,508.2,418.78604371
1784880000,BTC-USD,65456.41,65464.22,65255.44,65255.44,95.9495444
1784880000,ETH-USD,1894.72,1894.89,1885.09,1886.66,1529.69084959
1784880000,SOL-USD,76.01,76.03,75.66,75.72,14558.50500699
1784880000,XRP-USD,1.1132,1.1142,1.1105,1.1112,713854.048336
1784880000,DOGE-USD,0.07001,0.07001,0.0698,0.06993,659350.9
1784880000,ADA-USD,0.1682,0.1682,0.1673,0.1679,242245.53125622
1784880000,AVAX-USD,6.28,6.28,6.24,6.26,2802.09620089
1784880000,LINK-USD,8.552,8.554,8.508,8.522,3767.78
1784880000,DOT-USD,0.811,0.811,0.809,0.809,6697.89763462
1784880000,LTC-USD,46.96,46.97,46.62,46.82,3310.6371249
1784880000,BCH-USD,212.24,212.31,211.6,211.64,101.51863165
1784880000,NEAR-USD,1.901,1.912,1.892,1.91,83400.245
1784880000,ATOM-USD,1.42,1.42,1.415,1.416,3118.78
1784880000,UNI-USD,3.847,3.856,3.83,3.846,11575.25188
1784880000,APT-USD,0.6246,0.6259,0.6193,0.6208,27502.912
1784880000,ARB-USD,0.0862,0.0863,0.0858,0.0861,45530.75
1784880000,OP-USD,0.095,0.095,0.095,0.095,12.06
1784880000,SUI-USD,0.7442,0.7444,0.7416,0.7423,108942.8
1784880000,INJ-USD,5.424,5.427,5.344,5.347,14758.16
1784880000,AAVE-USD,96.18,96.21,95.55,95.68,121.511
1784880000,ENA-USD,0.0906,0.0909,0.09,0.0903,2515085.1
1784880000,HBAR-USD,0.07106,0.07106,0.07059,0.07068,526721.4
1784880000,ONDO-USD,0.40063,0.40066,0.39624,0.39637,462046.97
1784880000,PAXG-USD,4040.45,4049.43,4038.22,4049.43,1.74706
1784880000,PEPE-USD,2.79e-06,2.8e-06,2.78e-06,2.79e-06,3376158329
1784880000,SHIB-USD,4.19e-06,4.19e-06,4.18e-06,4.18e-06,264828486
1784880000,XLM-USD,0.184322,0.184428,0.183489,0.1835,917774.40155936
1784880000,ZEC-USD,510.51,513.92,508.42,508.6,688.00914925
1784887200,BTC-USD,65064.3,65105,64854,64903.09,113.77105806
1784887200,ETH-USD,1886.66,1887.49,1878.85,1882.4,1153.04875012
1784887200,SOL-USD,75.57,75.61,75.33,75.43,7063.72494825
1784887200,XRP-USD,1.1078,1.1081,1.1042,1.1065,525438.614408
1784887200,DOGE-USD,0.07,0.07002,0.06965,0.06982,751104.4
1784887200,ADA-USD,0.1671,0.1671,0.1661,0.1664,712969.70120145
1784887200,AVAX-USD,6.27,6.27,6.25,6.27,2355.03375932
1784887200,LINK-USD,8.514,8.518,8.452,8.465,3498.25
1784887200,DOT-USD,0.806,0.806,0.801,0.801,32904.61247024
1784887200,LTC-USD,46.69,46.69,46.06,46.2,4624.08861878
1784887200,BCH-USD,211.29,211.31,209.87,209.96,222.3337423
1784887200,NEAR-USD,1.894,1.894,1.881,1.884,85005.509
1784887200,ATOM-USD,1.41,1.41,1.396,1.397,69835.4
1784887200,UNI-USD,3.85,3.854,3.826,3.842,9296.265076
1784887200,APT-USD,0.6158,0.6158,0.6097,0.6101,40235.295
1784887200,ARB-USD,0.0855,0.0855,0.085,0.085,27457.57
1784887200,OP-USD,0.094,0.095,0.094,0.094,6773.34
1784887200,SUI-USD,0.7359,0.7366,0.7307,0.7319,227922
1784887200,INJ-USD,5.319,5.382,5.291,5.338,15632.03
1784887200,AAVE-USD,96.19,96.19,95.38,95.53,65.852
1784887200,ENA-USD,0.0903,0.0903,0.0887,0.0888,4101207.3
1784887200,HBAR-USD,0.07073,0.07079,0.07055,0.07066,209818.4
1784887200,ONDO-USD,0.39631,0.39647,0.39077,0.39302,325607.76
1784887200,PAXG-USD,4052.03,4054.64,4049.77,4050.29,2.26776
1784887200,PEPE-USD,2.79e-06,2.79e-06,2.76e-06,2.78e-06,2721066095
1784887200,SHIB-USD,4.18e-06,4.18e-06,4.16e-06,4.17e-06,320210363
1784887200,XLM-USD,0.183165,0.183264,0.182248,0.182502,612525.51706864
1784887200,ZEC-USD,505.78,506.02,498.76,499.86,2247.44315205
1784898000,BTC-USD,64715.97,64745.09,63845.76,64092.49,1181.06280804
1784898000,ETH-USD,1870.65,1873.51,1846.22,1856.08,11072.69914955
1784898000,SOL-USD,74.8,74.85,73.91,74.15,45857.85038231
1784898000,XRP-USD,1.0989,1.0994,1.0878,1.092,3693396.850833
1784898000,DOGE-USD,0.06911,0.06912,0.06817,0.06865,15637618.2
1784898000,ADA-USD,0.1655,0.1655,0.1639,0.1645,5143576.80107554
1784898000,AVAX-USD,6.21,6.21,6.14,6.2,29590.77187903
1784898000,LINK-USD,8.414,8.419,8.284,8.321,80653.45
1784898000,DOT-USD,0.799,0.8,0.787,0.795,139636.99690416
1784898000,LTC-USD,46.24,46.38,46.05,46.17,7103.8122671
1784898000,BCH-USD,209.44,209.71,207.41,209.17,711.64922317
1784898000,NEAR-USD,1.861,1.861,1.825,1.842,484435.677
1784898000,ATOM-USD,1.386,1.386,1.371,1.375,30696.07
1784898000,UNI-USD,3.8,3.802,3.75,3.777,62648.072517
1784898000,APT-USD,0.6031,0.6051,0.5995,0.6035,33018.217
1784898000,ARB-USD,0.0843,0.0843,0.0834,0.0839,168729.93
1784898000,OP-USD,0.091,0.092,0.091,0.092,117880.74
1784898000,SUI-USD,0.7266,0.7272,0.7182,0.721,1343471.5
1784898000,INJ-USD,5.271,5.271,5.2,5.221,29608.86
1784898000,AAVE-USD,94.7,94.71,93.36,94.26,1516.82
1784898000,ENA-USD,0.0878,0.0878,0.0857,0.0861,1005813.6
1784898000,HBAR-USD,0.0705,0.07088,0.07033,0.07056,2418578.7
1784898000,ONDO-USD,0.39126,0.39129,0.38043,0.38959,2155190.23
1784898000,PAXG-USD,4046.91,4061.28,4036.24,4059.35,27.95744
1784898000,PEPE-USD,2.75e-06,2.75e-06,2.71e-06,2.72e-06,22169104050
1784898000,SHIB-USD,4.14e-06,4.14e-06,4.1e-06,4.11e-06,3992118472
1784898000,XLM-USD,0.181134,0.181406,0.17983,0.180513,3979948.31026201
1784898000,ZEC-USD,498.56,501.26,492.62,499.68,5173.9259456
1784905200,BTC-USD,63993.52,64261.34,63774.3,64025.89,790.64850359
1784905200,ETH-USD,1860.85,1867.62,1851.2,1860.04,7946.35109926
1784905200,SOL-USD,73.97,74.24,73.62,73.96,37377.31483923
1784905200,XRP-USD,1.092,1.0936,1.0875,1.0901,1581753.168447
1784905200,DOGE-USD,0.06877,0.06935,0.0685,0.06914,10165770.1
1784905200,ADA-USD,0.1646,0.165,0.1638,0.1644,1149748.10035412
1784905200,AVAX-USD,6.2,6.21,6.18,6.19,4353.84863595
1784905200,LINK-USD,8.346,8.395,8.314,8.362,41415.34
1784905200,DOT-USD,0.796,0.8,0.795,0.798,15192.18090026
1784905200,LTC-USD,46.24,46.48,46.15,46.34,7078.19358403
1784905200,BCH-USD,209.05,210.4,208.49,209.61,274.32037884
1784905200,NEAR-USD,1.805,1.826,1.793,1.817,205942.735
1784905200,ATOM-USD,1.389,1.397,1.387,1.396,17220.48
1784905200,UNI-USD,3.814,3.839,3.793,3.824,27741.38288
1784905200,APT-USD,0.6054,0.6115,0.6038,0.6088,43350.105
1784905200,ARB-USD,0.0842,0.0844,0.0837,0.0837,163584.18
1784905200,OP-USD,0.091,0.093,0.091,0.092,16216.91
1784905200,SUI-USD,0.7168,0.7203,0.7137,0.7175,527226.3
1784905200,INJ-USD,5.16,5.26,5.146,5.249,11214.93
1784905200,AAVE-USD,94.56,95.12,94.34,94.68,582.189
1784905200,ENA-USD,0.0862,0.087,0.086,0.0868,570961.4
1784905200,HBAR-USD,0.07075,0.07112,0.07044,0.07066,1477939.7
1784905200,ONDO-USD,0.39078,0.39504,0.38907,0.39333,517480.21
1784905200,PAXG-USD,4057.92,4074.18,4056.84,4068.57,8.62717
1784905200,PEPE-USD,2.7e-06,2.72e-06,2.69e-06,2.71e-06,8499137278
1784905200,SHIB-USD,4.12e-06,4.16e-06,4.12e-06,4.15e-06,1096139534
1784905200,XLM-USD,0.17799,0.178451,0.177238,0.177883,3408354.52764057
1784905200,ZEC-USD,498.69,498.69,493.64,494.55,1567.92301242
1784912400,BTC-USD,63889.84,64139.91,63832.95,64117.07,195.97434394
1784912400,ETH-USD,1855.59,1865.08,1853.08,1864.9,2848.82266914
1784912400,SOL-USD,73.84,74.1,73.79,73.98,19807.20446241
1784912400,XRP-USD,1.0858,1.0898,1.0845,1.088,1993557.039871
1784912400,DOGE-USD,0.06872,0.06914,0.06868,0.06909,2189911.3
1784912400,ADA-USD,0.163,0.1639,0.1627,0.1635,1179912.36128031
1784912400,AVAX-USD,6.2,6.23,6.18,6.22,6178.51552756
1784912400,LINK-USD,8.321,8.361,8.31,8.351,21139.65
1784912400,DOT-USD,0.8,0.805,0.8,0.804,34924.36967488
1784912400,LTC-USD,46.24,46.35,46.21,46.29,3931.18660991
1784912400,BCH-USD,208.35,209.91,208.2,209.89,216.20455008
1784912400,NEAR-USD,1.806,1.821,1.797,1.817,174008.956
1784912400,ATOM-USD,1.395,1.403,1.395,1.4,3247.88
1784912400,UNI-USD,3.834,3.835,3.803,3.824,20494.494873
1784912400,APT-USD,0.6092,0.6152,0.6067,0.6122,45053.657
1784912400,ARB-USD,0.0834,0.0841,0.0834,0.0838,19737.23
1784912400,OP-USD,0.092,0.093,0.092,0.093,2255.98
1784912400,SUI-USD,0.713,0.7153,0.711,0.7129,215689.9
1784912400,INJ-USD,5.169,5.204,5.137,5.177,8726.87
1784912400,AAVE-USD,94.6,94.6,93.75,94.16,336.761
1784912400,ENA-USD,0.087,0.0877,0.0868,0.0877,615237.9
1784912400,HBAR-USD,0.07064,0.07091,0.07051,0.07062,1861464.3
1784912400,ONDO-USD,0.39232,0.39538,0.39096,0.39195,846353.81
1784912400,PAXG-USD,4059.31,4062.18,4054.72,4055.36,4.74926
1784912400,PEPE-USD,2.69e-06,2.71e-06,2.68e-06,2.71e-06,63911942217
1784912400,SHIB-USD,4.17e-06,4.2e-06,4.15e-06,4.17e-06,6747436921
1784912400,XLM-USD,0.177231,0.177991,0.176943,0.177147,1957938.25109136
1784912400,ZEC-USD,491.55,494.46,487,493.99,4032.98233301
1784919600,BTC-USD,64210.9,64236.18,64072.74,64163.76,362.43039701
1784919600,ETH-USD,1860.83,1863,1856.03,1861.75,5078.68638919
1784919600,SOL-USD,73.91,73.98,73.72,73.88,34553.0714054
1784919600,XRP-USD,1.0863,1.0897,1.0842,1.0883,1675446.071778
1784919600,DOGE-USD,0.0691,0.06925,0.06899,0.0692,6504150.3
1784919600,ADA-USD,0.1638,0.1639,0.1632,0.1636,519452.64900055
1784919600,AVAX-USD,6.23,6.24,6.21,6.23,4798.28327023
1784919600,LINK-USD,8.348,8.36,8.331,8.351,13509.05
1784919600,DOT-USD,0.806,0.807,0.805,0.807,13701.67017463
1784919600,LTC-USD,46.18,46.22,46.06,46.19,4178.17694518
1784919600,BCH-USD,209.45,209.75,209.04,209.45,67.70555308
1784919600,NEAR-USD,1.81,1.814,1.803,1.807,82904.551
1784919600,ATOM-USD,1.393,1.396,1.391,1.395,6264.06
1784919600,UNI-USD,3.834,3.834,3.811,3.818,13916.607815
1784919600,APT-USD,0.6085,0.6086,0.6019,0.6023,26573.452
1784919600,ARB-USD,0.0838,0.0839,0.0838,0.0839,676.96
1784919600,OP-USD,0.093,0.093,0.092,0.092,41885.33
1784919600,SUI-USD,0.71,0.7106,0.7066,0.7093,401083.2
1784919600,INJ-USD,5.194,5.195,5.176,5.19,1794.18
1784919600,AAVE-USD,93.92,93.98,93.6,93.73,163.839
1784919600,ENA-USD,0.0872,0.0873,0.0869,0.0872,267905.5
1784919600,HBAR-USD,0.07094,0.07192,0.07074,0.07131,3997706.6
1784919600,ONDO-USD,0.39043,0.3905,0.38747,0.38925,207512.8
1784919600,PAXG-USD,4048.39,4050.57,4042.54,4046.96,1.72375
1784919600,PEPE-USD,2.71e-06,2.72e-06,2.7e-06,2.71e-06,2997701957
1784919600,SHIB-USD,4.18e-06,4.18e-06,4.16e-06,4.18e-06,828757560
1784919600,XLM-USD,0.177373,0.177704,0.177002,0.1776,1557788.5727399
1784919600,ZEC-USD,495.35,496.51,493.64,495.26,1145.11483204
1784926800,BTC-USD,64103.99,64163.42,64063.98,64088.09,167.92387927
1784926800,ETH-USD,1859.23,1859.99,1855.35,1855.62,2578.55142042
1784926800,SOL-USD,73.71,73.77,73.38,73.58,19212.07352308
1784926800,XRP-USD,1.0898,1.0907,1.0872,1.0879,1643343.124601
1784926800,DOGE-USD,0.06912,0.0692,0.06877,0.06883,5457252.8
1784926800,ADA-USD,0.1635,0.1637,0.1631,0.1631,554740.63889939
1784926800,AVAX-USD,6.23,6.26,6.22,6.24,2062.74846622
1784926800,LINK-USD,8.326,8.332,8.29,8.297,16586.51
1784926800,DOT-USD,0.805,0.81,0.801,0.805,17566.12878163
1784926800,LTC-USD,46.19,46.32,46.08,46.11,3560.41492049
1784926800,BCH-USD,209.55,209.85,208.57,209.29,118.34119511
1784926800,NEAR-USD,1.811,1.815,1.799,1.804,52750.494
1784926800,ATOM-USD,1.396,1.397,1.386,1.387,3180.75
1784926800,UNI-USD,3.833,3.84,3.752,3.752,84511.07733
1784926800,APT-USD,0.6022,0.6033,0.5985,0.5985,15750.61
1784926800,ARB-USD,0.0837,0.0837,0.0829,0.0832,23109.03
1784926800,OP-USD,0.092,0.093,0.092,0.092,15977.52
1784926800,SUI-USD,0.7113,0.7117,0.7078,0.7084,192253.8
1784926800,INJ-USD,5.187,5.187,5.141,5.141,3201.34
1784926800,AAVE-USD,93.56,93.62,92.6,92.64,1044.54
1784926800,ENA-USD,0.0874,0.0877,0.0869,0.0869,267181.8
1784926800,HBAR-USD,0.07252,0.07274,0.07146,0.07146,2917603.6
1784926800,ONDO-USD,0.38807,0.39049,0.3834,0.3834,588728.85
1784926800,PAXG-USD,4045.82,4049.66,4045.68,4049.61,1.65097
1784926800,PEPE-USD,2.71e-06,2.72e-06,2.7e-06,2.7e-06,3396384815
1784926800,SHIB-USD,4.17e-06,4.18e-06,4.14e-06,4.14e-06,162040047
1784926800,XLM-USD,0.177845,0.178033,0.176703,0.17678,1280099.38914511
1784926800,ZEC-USD,495.51,495.53,486.99,487.75,1977.25362864
1784901600,BTC-USD,64089.8,64141.32,63641,63993.51,1369.15225449
1784908800,BTC-USD,64026.99,64141.84,63806.01,63889.84,394.26663912
1784916000,BTC-USD,64117.07,64237.2,64054.04,64210.91,414.8308222
1784923200,BTC-USD,64163.76,64223.73,64060.99,64103.99,157.43829345
1784930400,BTC-USD,64088.09,64155,64063.99,64100.52,115.08680298
1784934000,BTC-USD,64100.52,64120.5,64075.26,64083.32,88.04169919
1784901600,ETH-USD,1856.1,1861.35,1845.35,1860.89,9237.0686754
1784908800,ETH-USD,1860.04,1864.6,1851.4,1855.6,3880.15323848
1784916000,ETH-USD,1864.85,1865.07,1856.65,1860.8,2149.88717472
1784923200,ETH-USD,1861.85,1863.67,1856.56,1859.23,2028.15837953
1784930400,ETH-USD,1855.62,1860.03,1854.7,1857.68,2180.45105614
1784934000,ETH-USD,1857.67,1861.05,1857.2,1859.77,980.32496792
1784901600,SOL-USD,74.14,74.21,73.53,73.98,45712.46793591
1784908800,SOL-USD,73.97,74.15,73.64,73.83,25056.49685995
1784916000,SOL-USD,73.97,74.02,73.83,73.9,23756.82458385
1784923200,SOL-USD,73.87,73.96,73.66,73.71,14240.14279984
1784930400,SOL-USD,73.58,73.92,73.57,73.87,26816.56374903
1784934000,SOL-USD,73.87,73.97,73.78,73.9,10571.79886489
1784901600,XRP-USD,1.092,1.0928,1.0854,1.0921,3420469.836321
1784908800,XRP-USD,1.0902,1.0911,1.0844,1.0859,2270844.999996
1784916000,XRP-USD,1.088,1.0881,1.0837,1.0864,2003843.188061
1784923200,XRP-USD,1.0883,1.0912,1.0879,1.0898,1312735.501951
1784930400,XRP-USD,1.0879,1.0919,1.0874,1.0908,798877.104149
1784934000,XRP-USD,1.0908,1.0925,1.09,1.091,774162.706814
1784901600,DOGE-USD,0.06866,0.06884,0.06818,0.06878,10819121.1
1784908800,DOGE-USD,0.06913,0.06913,0.0685,0.06872,3807836.4
1784916000,DOGE-USD,0.0691,0.06917,0.06892,0.0691,3621559.2
1784923200,DOGE-USD,0.06919,0.06928,0.06911,0.06915,4770369
1784930400,DOGE-USD,0.06883,0.06968,0.06879,0.06947,8833335.8
1784934000,DOGE-USD,0.06946,0.06958,0.0693,0.06953,5047755.8
1784901600,ADA-USD,0.1645,0.1648,0.1633,0.1648,1486929.11179802
1784908800,ADA-USD,0.1643,0.1644,0.1628,0.163,2596343.24314774
1784916000,ADA-USD,0.1635,0.164,0.1628,0.1638,806143.84609914
1784923200,ADA-USD,0.1636,0.1638,0.1632,0.1634,622658.39670533
1784930400,ADA-USD,0.1631,0.164,0.1631,0.1638,720957.04152274
1784934000,ADA-USD,0.1638,0.1642,0.1636,0.1638,472841.71627232
1784901600,AVAX-USD,6.19,6.2,6.16,6.2,21472.74590927
1784908800,AVAX-USD,6.2,6.21,6.17,6.19,4110.99182447
1784916000,AVAX-USD,6.22,6.24,6.21,6.23,3449.48388018
1784923200,AVAX-USD,6.23,6.25,6.23,6.24,6711.59399842
1784930400,AVAX-USD,6.25,6.27,6.24,6.27,5728.07201922
1784934000,AVAX-USD,6.27,6.31,6.27,6.3,8095.68338481
1784901600,LINK-USD,8.322,8.348,8.288,8.348,47450.19
1784908800,LINK-USD,8.361,8.364,8.304,8.322,17634.48
1784916000,LINK-USD,8.35,8.357,8.324,8.348,17716.73
1784923200,LINK-USD,8.352,8.359,8.314,8.33,15799.96
1784930400,LINK-USD,8.298,8.332,8.298,8.327,13599.3
1784934000,LINK-USD,8.325,8.336,8.321,8.334,14558.42
1784901600,DOT-USD,0.795,0.797,0.791,0.796,32475.35351928
1784908800,DOT-USD,0.798,0.801,0.798,0.8,301702.42532825
1784916000,DOT-USD,0.804,0.807,0.802,0.806,17942.87582215
1784923200,DOT-USD,0.807,0.808,0.805,0.805,6611.86352257
1784930400,DOT-USD,0.805,0.807,0.802,0.807,44362.2949671
1784934000,DOT-USD,0.807,0.809,0.807,0.808,30865.98158439
1784901600,LTC-USD,46.17,46.29,45.91,46.25,6627.75305911
1784908800,LTC-USD,46.34,46.45,46.14,46.24,4295.04684724
1784916000,LTC-USD,46.29,46.3,46.09,46.18,2938.06431481
1784923200,LTC-USD,46.18,46.27,46.1,46.19,5322.50445108
1784930400,LTC-USD,46.1,46.28,46.06,46.24,4256.9284786
1784934000,LTC-USD,46.24,46.36,46.16,46.34,5308.92524198
1784901600,BCH-USD,209.2,209.63,207.83,208.91,644.51933135
1784908800,BCH-USD,209.55,210.15,208.15,208.41,110.07437732
1784916000,BCH-USD,209.95,210,208.96,209.5,111.05507388
1784923200,BCH-USD,209.44,209.84,209.15,209.55,66.09617843
1784930400,BCH-USD,209.11,210.15,209.1,209.87,51.24391417
1784934000,BCH-USD,209.96,210.89,209.92,210.8,100.6070563
1784901600,NEAR-USD,1.843,1.849,1.788,1.805,758027.475
1784908800,NEAR-USD,1.818,1.822,1.803,1.807,153046.617
1784916000,NEAR-USD,1.817,1.818,1.808,1.809,35104.11
1784923200,NEAR-USD,1.808,1.817,1.808,1.812,49975.954
1784930400,NEAR-USD,1.803,1.819,1.803,1.809,188016.279
1784934000,NEAR-USD,1.81,1.812,1.804,1.805,15382.462
1784901600,ATOM-USD,1.376,1.391,1.375,1.389,36175.29
1784908800,ATOM-USD,1.398,1.401,1.393,1.397,8017.44
1784916000,ATOM-USD,1.4,1.401,1.39,1.394,3226.33
1784923200,ATOM-USD,1.395,1.401,1.394,1.396,8520.49
1784930400,ATOM-USD,1.386,1.392,1.386,1.39,5583.54
1784934000,ATOM-USD,1.39,1.395,1.389,1.392,12299.03
1784901600,UNI-USD,3.778,3.82,3.761,3.815,35627.028433
1784908800,UNI-USD,3.823,3.853,3.801,3.832,74441.243318
1784916000,UNI-USD,3.821,3.844,3.816,3.833,30174.896221
1784923200,UNI-USD,3.816,3.843,3.816,3.832,23008.252609
1784930400,UNI-USD,3.755,3.783,3.754,3.769,9120.565369
1784934000,UNI-USD,3.769,3.784,3.761,3.782,13449.107499
1784901600,APT-USD,0.6041,0.6063,0.6,0.6058,19003.9
1784908800,APT-USD,0.6087,0.6116,0.6069,0.609,32699.545
1784916000,APT-USD,0.6125,0.6125,0.6089,0.6094,21751.006
1784923200,APT-USD,0.6014,0.6028,0.601,0.602,8435.994
1784930400,APT-USD,0.5984,0.6015,0.5983,0.6003,34427.285
1784934000,APT-USD,0.6004,0.6022,0.6,0.6,6388.881
1784901600,ARB-USD,0.0839,0.0842,0.0832,0.0842,54723.01
1784908800,ARB-USD,0.0836,0.0838,0.0833,0.0835,10881.25
1784916000,ARB-USD,0.0839,0.084,0.0837,0.0839,27425.69
1784923200,ARB-USD,0.084,0.084,0.0835,0.0837,7664.9
1784930400,ARB-USD,0.0831,0.0833,0.0829,0.0833,2524.96
1784934000,ARB-USD,0.0831,0.0832,0.0829,0.0829,6251.09
1784883600,OP-USD,0.094,0.095,0.094,0.094,104417.88
1784890800,OP-USD,0.093,0.094,0.092,0.092,48176.75
1784894400,OP-USD,0.092,0.093,0.092,0.092,33609.86
1784901600,OP-USD,0.092,0.092,0.092,0.092,26087.58
1784908800,OP-USD,0.092,0.093,0.092,0.093,37854.73
1784916000,OP-USD,0.093,0.093,0.092,0.093,1937.7
1784923200,OP-USD,0.092,0.092,0.092,0.092,5294.16
1784930400,OP-USD,0.092,0.092,0.092,0.092,20011.29
1784934000,OP-USD,0.093,0.093,0.093,0.093,608.13
1784901600,SUI-USD,0.7211,0.7218,0.7122,0.7169,762152.2
1784908800,SUI-USD,0.7174,0.7179,0.7116,0.7129,300627.2
1784916000,SUI-USD,0.7129,0.7132,0.707,0.7101,278622.4
1784923200,SUI-USD,0.7097,0.7118,0.7094,0.7114,356024.7
1784930400,SUI-USD,0.7083,0.7124,0.7082,0.7113,403689.7
1784934000,SUI-USD,0.7114,0.7122,0.7087,0.7102,147975.4
1784901600,INJ-USD,5.219,5.226,5.106,5.16,18299.66
1784908800,INJ-USD,5.246,5.267,5.159,5.169,22463.24
1784916000,INJ-USD,5.178,5.198,5.165,5.195,1921.94
1784923200,INJ-USD,5.192,5.201,5.182,5.19,1605.04
1784930400,INJ-USD,5.148,5.194,5.134,5.179,24526.43
1784934000,INJ-USD,5.18,5.184,5.163,5.171,2890.1
1784901600,AAVE-USD,94.28,94.69,93.89,94.59,1186.439
1784908800,AAVE-USD,94.66,95.05,94.16,94.62,144.111
1784916000,AAVE-USD,94.14,94.14,93.75,93.94,200.703
1784923200,AAVE-USD,93.73,93.89,93.5,93.58,431.397
1784930400,AAVE-USD,92.63,93.1,92.53,93,560.676
1784934000,AAVE-USD,93,93.18,92.89,93.03,147.561
1784901600,ENA-USD,0.086,0.0863,0.0852,0.0863,1017177.6
1784908800,ENA-USD,0.0869,0.0874,0.0867,0.087,409423.2
1784916000,ENA-USD,0.0876,0.0876,0.0871,0.0874,169541.4
1784923200,ENA-USD,0.0872,0.0873,0.0871,0.0873,114542.7
1784930400,ENA-USD,0.0869,0.0874,0.0869,0.0873,190754.3
1784934000,ENA-USD,0.0874,0.0877,0.087,0.087,176042.3
1784901600,HBAR-USD,0.07057,0.07078,0.07038,0.07077,979168.7
1784908800,HBAR-USD,0.07066,0.07093,0.07038,0.07063,4549470.7
1784916000,HBAR-USD,0.07063,0.07097,0.07037,0.07096,4483570.1
1784923200,HBAR-USD,0.07132,0.07264,0.0713,0.07255,3704279.8
1784930400,HBAR-USD,0.07148,0.07171,0.07069,0.07091,1746400.6
1784934000,HBAR-USD,0.0709,0.07095,0.0703,0.07081,1661330
1784901600,ONDO-USD,0.38958,0.39286,0.38647,0.391,1144647.97
1784908800,ONDO-USD,0.39333,0.39539,0.39025,0.39235,768357.56
1784916000,ONDO-USD,0.39194,0.39321,0.38904,0.39048,1233759.96
1784923200,ONDO-USD,0.38925,0.39,0.38754,0.38801,123862.83
1784930400,ONDO-USD,0.38355,0.3842,0.3783,0.38269,1400773.27
1784934000,ONDO-USD,0.38256,0.38366,0.38131,0.38347,258350.06
1784901600,PAXG-USD,4061.85,4061.85,4048.42,4057.48,13.8
1784908800,PAXG-USD,4067.55,4069.7,4056.82,4059.36,0.69581
1784916000,PAXG-USD,4054.4,4055.91,4045.1,4047.21,3.14464
1784923200,PAXG-USD,4048.69,4048.7,4044.63,4045.7,5.54791
1784930400,PAXG-USD,4049.61,4049.61,4047.54,4049.52,2.30478
1784934000,PAXG-USD,4049.2,4051.34,4048.79,4051.34,1.99066
1784901600,PEPE-USD,2.72e-06,2.72e-06,2.69e-06,2.7e-06,15720198544
1784908800,PEPE-USD,2.7e-06,2.71e-06,2.68e-06,2.69e-06,7198553328
1784916000,PEPE-USD,2.71e-06,2.72e-06,2.7e-06,2.71e-06,4659470879
1784923200,PEPE-USD,2.71e-06,2.72e-06,2.7e-06,2.71e-06,1596786043
1784930400,PEPE-USD,2.7e-06,2.72e-06,2.7e-06,2.71e-06,976509076
1784934000,PEPE-USD,2.71e-06,2.72e-06,2.71e-06,2.71e-06,18235796590
1784901600,SHIB-USD,4.12e-06,4.13e-06,4.1e-06,4.13e-06,5137433115
1784908800,SHIB-USD,4.16e-06,4.18e-06,4.14e-06,4.16e-06,1165978348
1784916000,SHIB-USD,4.18e-06,4.18e-06,4.16e-06,4.18e-06,963319465
1784923200,SHIB-USD,4.18e-06,4.18e-06,4.16e-06,4.17e-06,595178446
1784930400,SHIB-USD,4.15e-06,4.18e-06,4.15e-06,4.18e-06,474919277
1784934000,SHIB-USD,4.17e-06,4.18e-06,4.17e-06,4.18e-06,3148432250
1784901600,XLM-USD,0.180514,0.180827,0.175948,0.178031,9914716.36483484
1784908800,XLM-USD,0.1779,0.178148,0.17678,0.177231,3427214.03246323
1784916000,XLM-USD,0.177086,0.177658,0.1766,0.177408,2819323.64319255
1784923200,XLM-USD,0.177599,0.178056,0.177531,0.177847,1349942.8267767
1784930400,XLM-USD,0.176827,0.177498,0.176532,0.177282,6090466.81014995
1784934000,XLM-USD,0.177255,0.177876,0.177124,0.177794,1013991.5661411
1784901600,ZEC-USD,499.76,499.76,493.2,498.73,1710.15231068
1784908800,ZEC-USD,494.76,495,490.09,491.6,2865.22331207
1784916000,ZEC-USD,493.81,497.11,492.94,495.2,1676.94044354
1784923200,ZEC-USD,495.26,496.14,493.64,495.54,359.98909749
1784930400,ZEC-USD,487.8,489.56,483.21,486.25,2324.26719536
1784934000,ZEC-USD,486.36,488.91,485.94,488.09,584.78477642
