ts,product_id,funding_rate,open_interest,mark_price,index_price,basis
1786406400,BTC-PERP-INTX,1e-05,1967.2227,63946.85,63931.53,0.00023963
1786406400,ETH-PERP-INTX,-2e-06,27058.2311,1872.535,1872.67,-7.209e-05
1786406400,SOL-PERP-INTX,6e-06,159466.154,75.9055,75.88,0.00033606
1786406400,XRP-PERP-INTX,1e-06,4880494.0,1.01075,1.0107,4.947e-05
1786406400,DOGE-PERP-INTX,6e-06,14067586.0,0.06974,0.06975,-0.00014337
1786406400,ADA-PERP-INTX,1e-05,1965291.0,0.1895,0.18956,-0.00031652
1786406400,AVAX-PERP-INTX,3e-06,83943.184,6.4665,6.467,-7.732e-05
1786406400,LINK-PERP-INTX,2.5e-05,93601.96,8.326,8.324,0.00024027
1786406400,DOT-PERP-INTX,2.3e-05,208502.4,0.8055,0.8053,0.00024835
1786406400,LTC-PERP-INTX,6e-06,13021.45,45.07,45.07,0.0
1786406400,BCH-PERP-INTX,1e-05,3355.753,213.875,213.83,0.00021045
1786406400,NEAR-PERP-INTX,1.6e-05,673719.3,1.60385,1.6037,9.353e-05
1786406400,ATOM-PERP-INTX,-6e-05,27180.7,1.4015,1.402,-0.00035663
1786406400,UNI-PERP-INTX,7e-06,173950.29,3.938,3.9379,2.539e-05
1786406400,APT-PERP-INTX,-5e-06,63011.1,0.58865,0.589,-0.00059423
1786406400,ARB-PERP-INTX,-7e-06,1352115.0,0.080745,0.0807,0.00055762
1786406400,OP-PERP-INTX,4.2e-05,357340.8,0.09135,0.092,-0.00706522
1786406400,SUI-PERP-INTX,1.7e-05,999823.2,0.68515,0.685,0.00021898
1786406400,INJ-PERP-INTX,-1e-05,21555.1,4.4045,4.407,-0.00056728
1786406400,AAVE-PERP-INTX,6e-06,6831.5,89.135,89.16,-0.00028039
1786406400,ENA-PERP-INTX,-3e-06,4835932.0,0.088225,0.08825,-0.00028329
1786406400,HBAR-PERP-INTX,1.6e-05,5150888.0,0.067535,0.06752,0.00022216
1786406400,ONDO-PERP-INTX,3e-05,676307.0,0.33875,0.33863,0.00035437
1786406400,1000PEPE-PERP-INTX,8e-06,121638573.0,0.0028795,0.00288,-0.00017361
1786406400,1000SHIB-PERP-INTX,-1.2e-05,30908781.0,0.004502,0.00451,-0.00177384
1786406400,XLM-PERP-INTX,-1e-06,1690392.0,0.16153,0.161528,1.238e-05
1786406400,ZEC-PERP-INTX,9e-06,1890.96,495.56,495.47,0.00018165
1786406400,COIN50-PERP-INTX,2e-06,2719.407,242.245,,
1786413600,BTC-PERP-INTX,1e-05,1967.1307,63985.25,63965.59,0.00030735
1786413600,ETH-PERP-INTX,-2e-06,26924.614,1875.855,1876.09,-0.00012526
1786413600,SOL-PERP-INTX,9e-06,161346.444,75.9835,75.97,0.0001777
1786413600,XRP-PERP-INTX,0.0,4892673.0,1.01235,1.0123,4.939e-05
1786413600,DOGE-PERP-INTX,5e-06,14553203.0,0.070125,0.07012,7.131e-05
1786413600,ADA-PERP-INTX,2e-06,1933852.0,0.19015,0.19021,-0.00031544
1786413600,AVAX-PERP-INTX,9e-06,84803.2,6.5325,6.532,7.655e-05
1786413600,LINK-PERP-INTX,2.2e-05,93565.71,8.395,8.39,0.00059595
1786413600,DOT-PERP-INTX,2.6e-05,208304.1,0.8065,0.8062,0.00037212
1786413600,LTC-PERP-INTX,4e-06,13028.85,45.165,45.16,0.00011072
1786413600,BCH-PERP-INTX,7e-06,3428.327,215.54,215.59,-0.00023192
1786413600,NEAR-PERP-INTX,2.1e-05,673063.4,1.6036,1.6028,0.00049913
1786413600,ATOM-PERP-INTX,-5.4e-05,27180.7,1.397,1.398,-0.00071531
1786413600,UNI-PERP-INTX,1.6e-05,173734.18,3.971,3.9693,0.00042829
1786413600,APT-PERP-INTX,-2.2e-05,62355.6,0.5882,0.5889,-0.00118866
1786413600,ARB-PERP-INTX,2e-06,1309355.5,0.080685,0.0807,-0.00018587
1786413600,OP-PERP-INTX,4.4e-05,359558.4,0.09155,0.092,-0.0048913
1786413600,SUI-PERP-INTX,1.1e-05,1004984.4,0.68825,0.6879,0.00050879
1786413600,INJ-PERP-INTX,-6e-06,21398.6,4.4495,4.449,0.00011238
1786413600,AAVE-PERP-INTX,3e-06,6837.21,89.145,89.11,0.00039277
1786413600,ENA-PERP-INTX,3e-06,4838261.0,0.09114,0.09112,0.00021949
1786413600,HBAR-PERP-INTX,1.8e-05,5173106.0,0.06772,0.06768,0.00059102
1786413600,ONDO-PERP-INTX,2.3e-05,662266.0,0.3404,0.3403,0.00029386
1786413600,1000PEPE-PERP-INTX,7e-06,115772734.0,0.0028795,0.00287,0.0033101
1786413600,1000SHIB-PERP-INTX,-1.1e-05,30861548.0,0.004498,0.0045,-0.00044444
1786413600,XLM-PERP-INTX,-7e-06,1685586.0,0.16179,0.161816,-0.00016068
1786413600,ZEC-PERP-INTX,1.5e-05,1916.43,492.675,492.6,0.00015225
1786413600,COIN50-PERP-INTX,3e-06,2722.179,242.58,,
1786420800,BTC-PERP-INTX,1e-05,1962.6106,64070.15,64048.76,0.00033396
1786420800,ETH-PERP-INTX,-2e-06,27007.8929,1877.985,1878.04,-2.929e-05
1786420800,SOL-PERP-INTX,1.1e-05,161934.584,76.0885,76.08,0.00011172
1786420800,XRP-PERP-INTX,1e-06,4934021.0,1.01345,1.0134,4.934e-05
1786420800,DOGE-PERP-INTX,7e-06,14431848.0,0.07002,0.07002,0.0
1786420800,ADA-PERP-INTX,8e-06,1956409.0,0.19,0.19009,-0.00047346
1786420800,AVAX-PERP-INTX,1.3e-05,79615.56,6.519,6.518,0.00015342
1786420800,LINK-PERP-INTX,9e-06,92776.51,8.39,8.389,0.0001192
1786420800,DOT-PERP-INTX,3.7e-05,209114.3,0.801,0.8012,-0.00024963
1786420800,LTC-PERP-INTX,1e-05,13028.85,45.165,45.17,-0.00011069
1786420800,BCH-PERP-INTX,3e-06,3424.952,215.135,215.16,-0.00011619
1786420800,NEAR-PERP-INTX,1.9e-05,673039.0,1.5994,1.5992,0.00012506
1786420800,ATOM-PERP-INTX,-3.2e-05,27189.3,1.39,1.392,-0.00143678
1786420800,UNI-PERP-INTX,1.9e-05,172680.96,4.014,4.015,-0.00024907
1786420800,APT-PERP-INTX,1e-05,62263.7,0.5856,0.5859,-0.00051203
1786420800,ARB-PERP-INTX,1.7e-05,1309355.5,0.0803,0.0804,-0.00124378
1786420800,OP-PERP-INTX,4e-06,359711.6,0.0906,0.091,-0.0043956
1786420800,SUI-PERP-INTX,3e-05,997531.1,0.6869,0.6867,0.00029125
1786420800,INJ-PERP-INTX,-8e-06,21201.6,4.436,4.439,-0.00067583
1786420800,AAVE-PERP-INTX,6e-06,6838.87,89.12,89.14,-0.00022437
1786420800,ENA-PERP-INTX,1e-05,4827883.0,0.090375,0.0904,-0.00027655
1786420800,HBAR-PERP-INTX,1e-05,5176964.0,0.06778,0.06779,-0.00014751
1786420800,ONDO-PERP-INTX,1.9e-05,664001.0,0.3392,0.33922,-5.896e-05
1786420800,1000PEPE-PERP-INTX,5e-06,117972330.0,0.0028705,0.00287,0.00017422
1786420800,1000SHIB-PERP-INTX,1e-06,26419596.0,0.0044995,0.0045,-0.00011111
1786420800,XLM-PERP-INTX,1e-06,1678492.0,0.161555,0.161601,-0.00028465
1786420800,ZEC-PERP-INTX,1.8e-05,1919.06,494.015,493.81,0.00041514
1786420800,COIN50-PERP-INTX,1e-05,2722.595,242.835,,
1786424400,BTC-PERP-INTX,1e-05,1964.3765,63973.25,63952.89,0.00031836
1786424400,ETH-PERP-INTX,-2e-06,27245.93,1874.095,1874.09,2.67e-06
1786424400,SOL-PERP-INTX,9e-06,163085.309,75.8635,75.86,4.614e-05
1786424400,XRP-PERP-INTX,2e-06,4927316.0,1.01225,1.0121,0.00014821
1786424400,DOGE-PERP-INTX,7e-06,14198013.0,0.069945,0.06996,-0.00021441
1786424400,ADA-PERP-INTX,9e-06,1921551.0,0.18775,0.18782,-0.0003727
1786424400,AVAX-PERP-INTX,8e-06,80131.54,6.52,6.519,0.0001534
1786424400,LINK-PERP-INTX,4e-06,92357.57,8.403,8.401,0.00023807
1786424400,DOT-PERP-INTX,4e-05,212424.6,0.8065,0.8065,0.0
1786424400,LTC-PERP-INTX,1.3e-05,13021.45,45.1,45.1,0.0
1786424400,BCH-PERP-INTX,1.4e-05,3425.895,214.785,214.74,0.00020956
1786424400,NEAR-PERP-INTX,1.4e-05,671023.9,1.6021,1.6012,0.00056208
1786424400,ATOM-PERP-INTX,-1e-05,27189.3,1.389,1.391,-0.00143781
1786424400,UNI-PERP-INTX,1.6e-05,171813.07,3.9905,3.9894,0.00027573
1786424400,APT-PERP-INTX,1.3e-05,62263.7,0.5856,0.5853,0.00051256
1786424400,ARB-PERP-INTX,1.7e-05,1315359.6,0.07988,0.0798,0.00100251
1786424400,OP-PERP-INTX,3e-06,371553.6,0.0908,0.091,-0.0021978
1786424400,SUI-PERP-INTX,1.9e-05,996803.0,0.68785,0.6876,0.00036358
1786424400,INJ-PERP-INTX,-5e-06,21061.4,4.463,4.465,-0.00044793
1786424400,AAVE-PERP-INTX,4e-06,6853.69,88.735,88.75,-0.00016901
1786424400,ENA-PERP-INTX,1e-05,4848027.0,0.090425,0.09043,-5.529e-05
1786424400,HBAR-PERP-INTX,1.2e-05,5180179.0,0.067465,0.06747,-7.411e-05
1786424400,ONDO-PERP-INTX,2.2e-05,667685.0,0.3391,0.33908,5.898e-05
1786424400,1000PEPE-PERP-INTX,6e-06,123221481.0,0.0028595,0.00285,0.00333333
1786424400,1000SHIB-PERP-INTX,1e-06,25265414.0,0.0045085,0.0045,0.00188889
1786424400,XLM-PERP-INTX,3e-06,1670117.0,0.161195,0.16122,-0.00015507
1786424400,ZEC-PERP-INTX,2e-05,1918.49,493.165,493.09,0.0001521
1786424400,COIN50-PERP-INTX,1.4e-05,2722.095,242.38,,
1786428000,BTC-PERP-INTX,9e-06,1964.7004,63866.15,63843.57,0.00035368
1786428000,ETH-PERP-INTX,-1e-06,27272.2719,1870.805,1870.83,-1.336e-05
1786428000,SOL-PERP-INTX,7e-06,161477.396,75.8485,75.84,0.00011208
1786428000,XRP-PERP-INTX,4e-06,4904325.0,1.00575,1.0058,-4.971e-05
1786428000,DOGE-PERP-INTX,4e-06,14050625.0,0.070005,0.07001,-7.142e-05
1786428000,ADA-PERP-INTX,8e-06,1921999.0,0.188,0.18811,-0.00058476
1786428000,AVAX-PERP-INTX,1e-05,80950.22,6.5025,6.501,0.00023073
1786428000,LINK-PERP-INTX,5e-06,92745.07,8.416,8.412,0.00047551
1786428000,DOT-PERP-INTX,4.6e-05,210138.5,0.8025,0.8024,0.00012463
1786428000,LTC-PERP-INTX,1e-05,13089.35,45.065,45.05,0.00033296
1786428000,BCH-PERP-INTX,1.9e-05,3420.129,214.275,214.29,-7e-05
1786428000,NEAR-PERP-INTX,1.1e-05,670624.7,1.60885,1.6084,0.00027978
1786428000,ATOM-PERP-INTX,1e-05,27189.3,1.387,1.388,-0.00072046
1786428000,UNI-PERP-INTX,1.4e-05,172169.44,3.9895,3.988,0.00037613
1786428000,APT-PERP-INTX,1.6e-05,61685.5,0.585,0.5851,-0.00017091
1786428000,ARB-PERP-INTX,8e-06,1313684.6,0.079955,0.08,-0.0005625
1786428000,OP-PERP-INTX,7e-06,362716.8,0.09045,0.091,-0.00604396
1786428000,SUI-PERP-INTX,1.8e-05,993252.0,0.68855,0.6885,7.262e-05
1786428000,INJ-PERP-INTX,-4e-06,20793.1,4.488,4.489,-0.00022277
1786428000,AAVE-PERP-INTX,5e-06,6854.45,88.735,88.74,-5.634e-05
1786428000,ENA-PERP-INTX,9e-06,5024913.0,0.09029,0.09028,0.00011077
1786428000,HBAR-PERP-INTX,1.1e-05,5176867.0,0.06727,0.06725,0.0002974
1786428000,ONDO-PERP-INTX,1.9e-05,667556.0,0.3388,0.33883,-8.854e-05
1786428000,1000PEPE-PERP-INTX,7e-06,122960064.0,0.0028745,0.00287,0.00156794
1786428000,1000SHIB-PERP-INTX,-2e-06,24926136.0,0.004509,0.00451,-0.00022173
1786428000,XLM-PERP-INTX,-5e-06,1668562.0,0.16107,0.161024,0.00028567
1786428000,ZEC-PERP-INTX,2.2e-05,1975.41,490.175,489.71,0.00094954
1786428000,COIN50-PERP-INTX,1.2e-05,2722.922,241.885,,
1786431600,BTC-PERP-INTX,9e-06,1971.2809,63998.25,63984.91,0.00020849
1786431600,ETH-PERP-INTX,0.0,27035.2448,1875.105,1875.02,4.533e-05
1786431600,SOL-PERP-INTX,8e-06,164006.324,75.5815,75.57,0.00015218
1786431600,XRP-PERP-INTX,3e-06,4980155.0,1.00315,1.0029,0.00024928
1786431600,DOGE-PERP-INTX,3e-06,13724632.0,0.07002,0.07003,-0.0001428
1786431600,ADA-PERP-INTX,7e-06,1885310.0,0.18835,0.18838,-0.00015925
1786431600,AVAX-PERP-INTX,1.1e-05,80513.468,6.4705,6.471,-7.727e-05
1786431600,LINK-PERP-INTX,1e-05,92953.28,8.4495,8.446,0.0004144
1786431600,DOT-PERP-INTX,4.2e-05,210138.5,0.8065,0.8067,-0.00024792
1786431600,LTC-PERP-INTX,1.5e-05,13110.92,45.105,45.1,0.00011086
1786431600,BCH-PERP-INTX,1.6e-05,3420.129,215.18,215.09,0.00041843
1786431600,NEAR-PERP-INTX,9e-06,667830.0,1.60025,1.5999,0.00021876
1786431600,ATOM-PERP-INTX,2e-05,27257.0,1.399,1.4,-0.00071429
1786431600,UNI-PERP-INTX,1.4e-05,173829.01,3.9385,3.9393,-0.00020308
1786431600,APT-PERP-INTX,-1e-05,61559.0,0.5842,0.5842,0.0
1786431600,ARB-PERP-INTX,-2e-06,1297529.1,0.07985,0.0798,0.00062657
1786431600,OP-PERP-INTX,1e-05,362606.4,0.0901,0.091,-0.00989011
1786431600,SUI-PERP-INTX,1.7e-05,979865.4,0.6869,0.6868,0.0001456
1786431600,INJ-PERP-INTX,-4e-06,21043.9,4.468,4.475,-0.00156425
1786431600,AAVE-PERP-INTX,4e-06,6834.5,88.585,88.6,-0.0001693
1786431600,ENA-PERP-INTX,9e-06,4843585.0,0.090565,0.09056,5.521e-05
1786431600,HBAR-PERP-INTX,1.1e-05,5177346.0,0.067315,0.06731,7.428e-05
1786431600,ONDO-PERP-INTX,2.2e-05,667002.0,0.33725,0.33712,0.00038562
1786431600,1000PEPE-PERP-INTX,9e-06,111585091.0,0.0028465,0.00285,-0.00122807
1786431600,1000SHIB-PERP-INTX,-3e-06,24774291.0,0.004497,0.0045,-0.00066667
1786431600,XLM-PERP-INTX,-3e-06,1659741.0,0.160915,0.160896,0.00011809
1786431600,ZEC-PERP-INTX,2.2e-05,2256.26,487.775,487.56,0.00044097
1786431600,COIN50-PERP-INTX,1.2e-05,2723.937,242.225,,
1786438800,BTC-PERP-INTX,9e-06,1983.9888,64089.45,64069.77,0.00030717
1786438800,ETH-PERP-INTX,2e-06,26756.8201,1877.055,1877.03,1.332e-05
1786438800,SOL-PERP-INTX,7e-06,160505.022,75.8315,75.83,1.978e-05
1786438800,XRP-PERP-INTX,5e-06,5025612.0,1.00475,1.0046,0.00014931
1786438800,DOGE-PERP-INTX,2e-06,13074346.0,0.07027,0.07027,0.0
1786438800,ADA-PERP-INTX,9e-06,1875179.0,0.18845,0.18845,0.0
1786438800,AVAX-PERP-INTX,1.6e-05,80780.451,6.4745,6.475,-7.722e-05
1786438800,LINK-PERP-INTX,2.4e-05,93090.62,8.511,8.503,0.00094084
1786438800,DOT-PERP-INTX,4.3e-05,213548.8,0.8045,0.8048,-0.00037276
1786438800,LTC-PERP-INTX,1.3e-05,13074.18,45.25,45.25,0.0
1786438800,BCH-PERP-INTX,1.3e-05,3446.678,215.09,215.07,9.299e-05
1786438800,NEAR-PERP-INTX,1.4e-05,672778.7,1.60075,1.5997,0.00065637
1786438800,ATOM-PERP-INTX,-3.1e-05,27257.0,1.4045,1.406,-0.00106686
1786438800,UNI-PERP-INTX,3e-06,173456.38,3.94,3.939,0.00025387
1786438800,APT-PERP-INTX,-2.3e-05,62014.2,0.58285,0.5834,-0.00094275
1786438800,ARB-PERP-INTX,6e-06,1297529.1,0.07977,0.08,-0.002875
1786438800,OP-PERP-INTX,-2e-06,362882.5,0.0901,0.09,0.00111111
1786438800,SUI-PERP-INTX,1e-05,986252.9,0.6895,0.6894,0.00014505
1786438800,INJ-PERP-INTX,-3e-06,20972.7,4.461,4.466,-0.00111957
1786438800,AAVE-PERP-INTX,5e-06,6833.97,88.695,88.67,0.00028194
1786438800,ENA-PERP-INTX,8e-06,4962520.0,0.09046,0.09052,-0.00066284
1786438800,HBAR-PERP-INTX,1.5e-05,5177571.0,0.06722,0.06723,-0.00014874
1786438800,ONDO-PERP-INTX,1.8e-05,667177.0,0.33845,0.33841,0.0001182
1786438800,1000PEPE-PERP-INTX,-1e-06,111538258.0,0.0028525,0.00285,0.00087719
1786438800,1000SHIB-PERP-INTX,-5e-06,24729291.0,0.004495,0.0045,-0.00111111
1786438800,XLM-PERP-INTX,1e-06,1658733.0,0.16151,0.161492,0.00011146
1786438800,ZEC-PERP-INTX,2.3e-05,2287.71,486.205,485.9,0.0006277
1786438800,COIN50-PERP-INTX,8e-06,2725.937,242.61,,
1786442400,BTC-PERP-INTX,1e-05,1980.2412,64230.55,64214.76,0.00024589
1786442400,ETH-PERP-INTX,2e-06,27153.5182,1885.255,1885.19,3.448e-05
1786442400,SOL-PERP-INTX,5e-06,162032.283,75.8435,75.85,-8.57e-05
1786442400,XRP-PERP-INTX,6e-06,5027791.0,1.00505,1.005,4.975e-05
1786442400,DOGE-PERP-INTX,4e-06,12770879.0,0.07053,0.07053,0.0
1786442400,ADA-PERP-INTX,1e-05,1850204.0,0.1885,0.18844,0.0003184
1786442400,AVAX-PERP-INTX,1.3e-05,80561.083,6.485,6.486,-0.00015418
1786442400,LINK-PERP-INTX,2e-05,95017.71,8.6505,8.644,0.00075197
1786442400,DOT-PERP-INTX,4.2e-05,208461.0,0.804,0.8037,0.00037327
1786442400,LTC-PERP-INTX,8e-06,13300.87,45.42,45.43,-0.00022012
1786442400,BCH-PERP-INTX,1.7e-05,3434.296,214.775,214.7,0.00034932
1786442400,NEAR-PERP-INTX,2e-05,672625.6,1.6006,1.5993,0.00081286
1786442400,ATOM-PERP-INTX,-4.5e-05,27273.5,1.411,1.412,-0.00070822
1786442400,UNI-PERP-INTX,4e-06,173542.81,3.9465,3.9487,-0.00055715
1786442400,APT-PERP-INTX,-1e-05,62000.4,0.5832,0.5833,-0.00017144
1786442400,ARB-PERP-INTX,1.1e-05,1296777.1,0.07973,0.0798,-0.00087719
1786442400,OP-PERP-INTX,1.9e-05,356220.0,0.0904,0.09,0.00444444
1786442400,SUI-PERP-INTX,1.5e-05,987663.3,0.68965,0.6895,0.00021755
1786442400,INJ-PERP-INTX,-2e-06,20772.1,4.5045,4.504,0.00011101
1786442400,AAVE-PERP-INTX,4e-06,6891.36,88.915,88.9,0.00016873
1786442400,ENA-PERP-INTX,4e-06,4872542.0,0.090225,0.09024,-0.00016622
1786442400,HBAR-PERP-INTX,1.4e-05,5175692.0,0.06729,0.06729,0.0
1786442400,ONDO-PERP-INTX,2.3e-05,664958.0,0.3389,0.33875,0.0004428
1786442400,1000PEPE-PERP-INTX,2e-06,109374837.0,0.0028595,0.00286,-0.00017483
1786442400,1000SHIB-PERP-INTX,-1e-05,24646764.0,0.004516,0.00452,-0.00088496
1786442400,XLM-PERP-INTX,7e-06,1658518.0,0.160805,0.160776,0.00018038
1786442400,ZEC-PERP-INTX,2.3e-05,2283.39,485.345,485.1,0.00050505
1786442400,COIN50-PERP-INTX,8e-06,2728.808,243.215,,
1786446000,BTC-PERP-INTX,9e-06,1989.3185,64320.25,64307.99,0.00019065
1786446000,ETH-PERP-INTX,3e-06,27127.5256,1891.335,1891.35,-7.93e-06
1786446000,SOL-PERP-INTX,3e-06,163844.05,76.1975,76.19,9.844e-05
1786446000,XRP-PERP-INTX,6e-06,5014346.0,1.0083,1.0083,0.0
1786446000,DOGE-PERP-INTX,3e-06,12520876.0,0.070635,0.07063,7.079e-05
1786446000,ADA-PERP-INTX,9e-06,1863913.0,0.18865,0.18871,-0.00031795
1786446000,AVAX-PERP-INTX,1e-05,81210.303,6.508,6.508,0.0
1786446000,LINK-PERP-INTX,2.1e-05,94243.56,8.6785,8.675,0.00040346
1786446000,DOT-PERP-INTX,3.8e-05,225772.5,0.803,0.8031,-0.00012452
1786446000,LTC-PERP-INTX,5e-06,13259.11,45.43,45.44,-0.00022007
1786446000,BCH-PERP-INTX,1.7e-05,3434.296,214.77,214.81,-0.00018621
1786446000,NEAR-PERP-INTX,2.1e-05,671741.8,1.59795,1.5968,0.00072019
1786446000,ATOM-PERP-INTX,-5.7e-05,27268.5,1.4185,1.421,-0.00175932
1786446000,UNI-PERP-INTX,4e-06,172858.41,3.9265,3.926,0.00012736
1786446000,APT-PERP-INTX,-2e-06,65366.7,0.58305,0.5829,0.00025733
1786446000,ARB-PERP-INTX,1.1e-05,1295836.8,0.079655,0.0796,0.00069095
1786446000,OP-PERP-INTX,5.5e-05,356220.0,0.0909,0.09,0.01
1786446000,SUI-PERP-INTX,1.5e-05,979737.9,0.6926,0.6926,0.0
1786446000,INJ-PERP-INTX,4e-06,21876.8,4.4775,4.481,-0.00078108
1786446000,AAVE-PERP-INTX,8e-06,6887.83,89.245,89.22,0.00028021
1786446000,ENA-PERP-INTX,-2e-06,4899148.0,0.090735,0.09078,-0.0004957
1786446000,HBAR-PERP-INTX,1.2e-05,5257036.0,0.06723,0.0672,0.00044643
1786446000,ONDO-PERP-INTX,2.1e-05,664970.0,0.34055,0.34047,0.00023497
1786446000,1000PEPE-PERP-INTX,0.0,111562020.0,0.0028685,0.00286,0.00297203
1786446000,1000SHIB-PERP-INTX,-1e-06,24614025.0,0.004511,0.00451,0.00022173
1786446000,XLM-PERP-INTX,6e-06,1659024.0,0.161005,0.161029,-0.00014904
1786446000,ZEC-PERP-INTX,2.4e-05,2307.75,488.13,487.83,0.00061497
1786446000,COIN50-PERP-INTX,1e-05,2724.268,243.79,,
1786453200,BTC-PERP-INTX,8e-06,2010.1492,64206.15,64192.16,0.00021794
1786453200,ETH-PERP-INTX,4e-06,26223.9891,1885.195,1884.99,0.00010875
1786453200,SOL-PERP-INTX,1e-06,164222.049,75.7935,75.79,4.618e-05
1786453200,XRP-PERP-INTX,6e-06,5004942.0,1.00465,1.0045,0.00014933
1786453200,DOGE-PERP-INTX,4e-06,12177143.0,0.07073,0.07076,-0.00042397
1786453200,ADA-PERP-INTX,8e-06,1814310.0,0.1867,0.18672,-0.00010711
1786453200,AVAX-PERP-INTX,7e-06,84291.51,6.447,6.448,-0.00015509
1786453200,LINK-PERP-INTX,1.8e-05,94629.83,8.6545,8.655,-5.777e-05
1786453200,DOT-PERP-INTX,2.2e-05,221308.1,0.7915,0.792,-0.00063131
1786453200,LTC-PERP-INTX,1e-06,13144.25,45.385,45.4,-0.0003304
1786453200,BCH-PERP-INTX,1.4e-05,3442.322,213.22,213.19,0.00014072
1786453200,NEAR-PERP-INTX,2e-05,686012.8,1.59095,1.5907,0.00015716
1786453200,ATOM-PERP-INTX,-5.5e-05,27533.9,1.423,1.425,-0.00140351
1786453200,UNI-PERP-INTX,4e-06,171170.18,3.8255,3.8269,-0.00036583
1786453200,APT-PERP-INTX,-3.2e-05,65366.7,0.5818,0.5828,-0.00171585
1786453200,ARB-PERP-INTX,1e-05,1288086.0,0.079675,0.0799,-0.00281602
1786453200,OP-PERP-INTX,5.5e-05,325465.4,0.0906,0.091,-0.0043956
1786453200,SUI-PERP-INTX,1.6e-05,996334.1,0.68835,0.6883,7.264e-05
1786453200,INJ-PERP-INTX,1e-06,21247.9,4.4835,4.482,0.00033467
1786453200,AAVE-PERP-INTX,6e-06,6901.9,88.78,88.78,0.0
1786453200,ENA-PERP-INTX,-2e-06,4834383.0,0.08916,0.08919,-0.00033636
1786453200,HBAR-PERP-INTX,1.3e-05,5505832.0,0.066735,0.06674,-7.492e-05
1786453200,ONDO-PERP-INTX,2.4e-05,657356.0,0.3376,0.33755,0.00014813
1786453200,1000PEPE-PERP-INTX,0.0,118994949.0,0.0028475,0.00285,-0.00087719
1786453200,1000SHIB-PERP-INTX,-4e-06,28019553.0,0.004488,0.00449,-0.00044543
1786453200,XLM-PERP-INTX,3e-06,1643175.0,0.16052,0.160563,-0.00026781
1786453200,ZEC-PERP-INTX,2.1e-05,2112.83,486.205,486.04,0.00033948
1786453200,COIN50-PERP-INTX,1.5e-05,2723.6,243.09,,
1786456800,BTC-PERP-INTX,8e-06,2020.9207,63998.25,63981.33,0.00026445
1786456800,ETH-PERP-INTX,4e-06,26159.2078,1879.135,1878.8,0.00017831
1786456800,SOL-PERP-INTX,2e-06,167659.236,75.5605,75.55,0.00013898
1786456800,XRP-PERP-INTX,5e-06,5012412.0,1.00565,1.0055,0.00014918
1786456800,DOGE-PERP-INTX,5e-06,12558412.0,0.07079,0.07077,0.00028261
1786456800,ADA-PERP-INTX,9e-06,2049848.0,0.1854,0.18547,-0.00037742
1786456800,AVAX-PERP-INTX,8e-06,87424.036,6.3925,6.393,-7.821e-05
1786456800,LINK-PERP-INTX,1.5e-05,94321.42,8.5985,8.6,-0.00017442
1786456800,DOT-PERP-INTX,1.1e-05,220872.7,0.7885,0.7888,-0.00038032
1786456800,LTC-PERP-INTX,1e-06,13080.32,45.03,45.05,-0.00044395
1786456800,BCH-PERP-INTX,5e-06,3411.635,213.125,213.05,0.00035203
1786456800,NEAR-PERP-INTX,2.2e-05,694172.3,1.58165,1.5807,0.000601
1786456800,ATOM-PERP-INTX,-4.7e-05,27770.7,1.428,1.43,-0.0013986
1786456800,UNI-PERP-INTX,3e-06,168362.74,3.8085,3.8104,-0.00049864
1786456800,APT-PERP-INTX,-3.9e-05,64955.1,0.58165,0.5822,-0.00094469
1786456800,ARB-PERP-INTX,9e-06,1288686.0,0.079635,0.0797,-0.00081556
1786456800,OP-PERP-INTX,4.9e-05,334195.1,0.0902,0.091,-0.00879121
1786456800,SUI-PERP-INTX,1.7e-05,1006529.8,0.6816,0.6814,0.00029351
1786456800,INJ-PERP-INTX,2e-06,21298.5,4.4835,4.483,0.00011153
1786456800,AAVE-PERP-INTX,0.0,6954.6,88.39,88.37,0.00022632
1786456800,ENA-PERP-INTX,-1e-06,4823815.0,0.08943,0.08941,0.00022369
1786456800,HBAR-PERP-INTX,1.3e-05,5501857.0,0.066865,0.06684,0.00037403
1786456800,ONDO-PERP-INTX,2.2e-05,772551.0,0.3376,0.33745,0.00044451
1786456800,1000PEPE-PERP-INTX,-2e-06,112464860.0,0.0028475,0.00284,0.00264085
1786456800,1000SHIB-PERP-INTX,-1.3e-05,29785947.0,0.0044985,0.0045,-0.00033333
1786456800,XLM-PERP-INTX,-3e-06,1638848.0,0.160605,0.160696,-0.00056629
1786456800,ZEC-PERP-INTX,1.9e-05,2040.97,479.615,479.28,0.00069897
1786456800,COIN50-PERP-INTX,1.4e-05,2724.095,242.39,,
1786460400,BTC-PERP-INTX,8e-06,2315.6431,63497.35,63484.81,0.00019753
1786460400,ETH-PERP-INTX,3e-06,27089.2073,1859.205,1859.17,1.883e-05
1786460400,SOL-PERP-INTX,1e-06,171226.32,74.8425,74.85,-0.0001002
1786460400,XRP-PERP-INTX,3e-06,5006114.0,1.00015,1.0002,-4.999e-05
1786460400,DOGE-PERP-INTX,5e-06,12289772.0,0.07011,0.0701,0.00014265
1786460400,ADA-PERP-INTX,8e-06,1859470.0,0.18375,0.18379,-0.00021764
1786460400,AVAX-PERP-INTX,6e-06,92143.392,6.214,6.215,-0.0001609
1786460400,LINK-PERP-INTX,1.2e-05,91838.83,8.5345,8.523,0.00134929
1786460400,DOT-PERP-INTX,1.1e-05,225331.8,0.7805,0.7799,0.00076933
1786460400,LTC-PERP-INTX,2e-06,12915.84,44.99,44.99,0.0
1786460400,BCH-PERP-INTX,7e-06,3393.106,211.43,211.47,-0.00018915
1786460400,NEAR-PERP-INTX,1.9e-05,734612.5,1.54405,1.5439,9.716e-05
1786460400,ATOM-PERP-INTX,-4e-05,27770.7,1.41,1.411,-0.00070872
1786460400,UNI-PERP-INTX,1e-06,175728.45,3.7205,3.7215,-0.00026871
1786460400,APT-PERP-INTX,-2.3e-05,67567.9,0.57355,0.5732,0.00061061
1786460400,ARB-PERP-INTX,1.1e-05,1337902.4,0.07783,0.0778,0.0003856
1786460400,OP-PERP-INTX,2e-05,324695.5,0.0887,0.089,-0.00337079
1786460400,SUI-PERP-INTX,1.6e-05,1002184.3,0.67415,0.6739,0.00037097
1786460400,INJ-PERP-INTX,-2e-06,20954.5,4.473,4.469,0.00089505
1786460400,AAVE-PERP-INTX,2e-06,6986.11,86.605,86.62,-0.00017317
1786460400,ENA-PERP-INTX,4e-06,4903533.0,0.088705,0.08872,-0.00016907
1786460400,HBAR-PERP-INTX,1.5e-05,5389168.0,0.06599,0.066,-0.00015152
1786460400,ONDO-PERP-INTX,2.4e-05,726359.0,0.3323,0.33211,0.0005721
1786460400,1000PEPE-PERP-INTX,-3e-06,122124032.0,0.0027755,0.00277,0.00198556
1786460400,1000SHIB-PERP-INTX,-1.4e-05,26032928.0,0.0044305,0.00443,0.00011287
1786460400,XLM-PERP-INTX,1e-06,1623067.0,0.15946,0.159466,-3.763e-05
1786460400,ZEC-PERP-INTX,1.7e-05,2005.52,471.26,471.0,0.00055202
1786460400,COIN50-PERP-INTX,1.1e-05,2697.064,240.22,,
1786464000,BTC-PERP-INTX,9e-06,2318.987,63502.85,63481.79,0.00033175
1786464000,ETH-PERP-INTX,1e-06,26794.2622,1862.875,1862.89,-8.05e-06
1786464000,SOL-PERP-INTX,0.0,172556.816,74.8905,74.88,0.00014022
1786464000,XRP-PERP-INTX,1e-06,5009475.0,1.00765,1.0075,0.00014888
1786464000,DOGE-PERP-INTX,4e-06,12172866.0,0.0705,0.07048,0.00028377
1786464000,ADA-PERP-INTX,5e-06,1909787.0,0.18605,0.18606,-5.375e-05
1786464000,AVAX-PERP-INTX,3e-06,92579.425,6.228,6.231,-0.00048146
1786464000,LINK-PERP-INTX,1.7e-05,90758.45,8.569,8.568,0.00011671
1786464000,DOT-PERP-INTX,1.6e-05,222048.7,0.783,0.783,0.0
1786464000,LTC-PERP-INTX,2e-06,12888.24,45.04,45.04,0.0
1786464000,BCH-PERP-INTX,2e-06,3387.719,212.0,212.03,-0.00014149
1786464000,NEAR-PERP-INTX,1.9e-05,742368.4,1.55485,1.5536,0.00080458
1786464000,ATOM-PERP-INTX,-4e-05,27658.2,1.418,1.42,-0.00140845
1786464000,UNI-PERP-INTX,1e-06,181624.94,3.7315,3.7304,0.00029487
1786464000,APT-PERP-INTX,-1.5e-05,67882.7,0.57445,0.5743,0.00026119
1786464000,ARB-PERP-INTX,1e-05,1339386.0,0.07826,0.0782,0.00076726
1786464000,OP-PERP-INTX,1.2e-05,324091.1,0.0887,0.088,0.00795455
1786464000,SUI-PERP-INTX,1.1e-05,1008620.8,0.6788,0.6787,0.00014734
1786464000,INJ-PERP-INTX,0.0,20998.2,4.4735,4.472,0.00033542
1786464000,AAVE-PERP-INTX,1e-06,7006.05,86.855,86.84,0.00017273
1786464000,ENA-PERP-INTX,1e-06,4815000.0,0.08924,0.08928,-0.00044803
1786464000,HBAR-PERP-INTX,1.3e-05,5394758.0,0.06624,0.06622,0.00030202
1786464000,ONDO-PERP-INTX,2.2e-05,725416.0,0.33365,0.33341,0.00071983
1786464000,1000PEPE-PERP-INTX,-1.2e-05,109662451.0,0.0027935,0.00279,0.00125448
1786464000,1000SHIB-PERP-INTX,-1.6e-05,25984564.0,0.0044555,0.00445,0.00123596
1786464000,XLM-PERP-INTX,-3e-06,1617245.0,0.16047,0.160462,4.986e-05
1786464000,ZEC-PERP-INTX,1.6e-05,1969.82,468.585,468.3,0.00060858
1786464000,COIN50-PERP-INTX,1e-05,2695.179,240.66,,
1786467600,BTC-PERP-INTX,1.1e-05,2414.8453,63514.35,63497.17,0.00027056
1786467600,ETH-PERP-INTX,2e-06,26766.6279,1862.835,1862.96,-6.71e-05
1786467600,SOL-PERP-INTX,0.0,171961.203,74.9895,74.99,-6.67e-06
1786467600,XRP-PERP-INTX,1e-06,4982655.0,1.0145,1.0146,-9.856e-05
1786467600,DOGE-PERP-INTX,3e-06,12329066.0,0.070775,0.0708,-0.00035311
1786467600,ADA-PERP-INTX,4e-06,1859722.0,0.18545,0.18544,5.393e-05
1786467600,AVAX-PERP-INTX,-1e-06,92443.335,6.213,6.216,-0.00048263
1786467600,LINK-PERP-INTX,2.6e-05,90741.96,8.5905,8.584,0.00075722
1786467600,DOT-PERP-INTX,3e-05,228945.4,0.7815,0.7817,-0.00025585
1786467600,LTC-PERP-INTX,1e-06,12895.53,45.17,45.19,-0.00044258
1786467600,BCH-PERP-INTX,8e-06,3387.719,211.95,211.95,0.0
1786467600,NEAR-PERP-INTX,2e-05,746912.3,1.56195,1.5612,0.0004804
1786467600,ATOM-PERP-INTX,-3.8e-05,27428.8,1.4345,1.438,-0.00243394
1786467600,UNI-PERP-INTX,5e-06,178886.61,3.7065,3.7078,-0.00035061
1786467600,APT-PERP-INTX,-3.1e-05,67882.7,0.57555,0.5756,-8.687e-05
1786467600,ARB-PERP-INTX,3e-06,1334835.3,0.0783,0.0782,0.00127877
1786467600,OP-PERP-INTX,4.7e-05,324616.7,0.0892,0.09,-0.00888889
1786467600,SUI-PERP-INTX,1.7e-05,1008620.8,0.68,0.6796,0.00058858
1786467600,INJ-PERP-INTX,1e-05,20431.0,4.4745,4.475,-0.00011173
1786467600,AAVE-PERP-INTX,1e-06,7020.42,87.125,87.08,0.00051677
1786467600,ENA-PERP-INTX,2e-06,4745954.0,0.089545,0.0895,0.00050279
1786467600,HBAR-PERP-INTX,1.3e-05,5394331.0,0.066155,0.06612,0.00052934
1786467600,ONDO-PERP-INTX,2e-05,724967.0,0.33325,0.33296,0.00087098
1786467600,1000PEPE-PERP-INTX,-9e-06,109405981.0,0.002793,0.00279,0.00107527
1786467600,1000SHIB-PERP-INTX,-2.3e-05,25971685.0,0.0044505,0.00445,0.00011236
1786467600,XLM-PERP-INTX,0.0,1572817.0,0.160865,0.160896,-0.00019267
1786467600,ZEC-PERP-INTX,1.7e-05,2075.44,473.36,473.2,0.00033812
1786467600,COIN50-PERP-INTX,9e-06,2697.309,240.84,,
1786471200,BTC-PERP-INTX,1.4e-05,2346.751,63376.65,63356.5,0.00031804
1786471200,ETH-PERP-INTX,5e-06,26731.5899,1863.405,1863.4,2.68e-06
1786471200,SOL-PERP-INTX,2e-06,170382.167,75.2155,75.21,7.313e-05
1786471200,XRP-PERP-INTX,2e-06,4985956.0,1.01035,1.0101,0.0002475
1786471200,DOGE-PERP-INTX,4e-06,12740552.0,0.07079,0.07077,0.00028261
1786471200,ADA-PERP-INTX,8e-06,1829869.0,0.1854,0.18543,-0.00016179
1786471200,AVAX-PERP-INTX,5e-06,92053.714,6.223,6.223,0.0
1786471200,LINK-PERP-INTX,3.2e-05,91403.75,8.5655,8.562,0.00040878
1786471200,DOT-PERP-INTX,3.4e-05,229204.3,0.7825,0.7826,-0.00012778
1786471200,LTC-PERP-INTX,3e-06,13032.83,45.225,45.23,-0.00011055
1786471200,BCH-PERP-INTX,2.1e-05,3387.031,211.505,211.5,2.364e-05
1786471200,NEAR-PERP-INTX,2e-05,747107.4,1.5607,1.5588,0.00121889
1786471200,ATOM-PERP-INTX,-4.5e-05,27281.6,1.4295,1.431,-0.00104822
1786471200,UNI-PERP-INTX,9e-06,176381.68,3.7195,3.716,0.00094187
1786471200,APT-PERP-INTX,-4e-05,67985.9,0.5755,0.5756,-0.00017373
1786471200,ARB-PERP-INTX,-3e-06,1341859.5,0.07765,0.0776,0.00064433
1786471200,OP-PERP-INTX,5.1e-05,325254.3,0.0888,0.089,-0.00224719
1786471200,SUI-PERP-INTX,2.5e-05,1010254.1,0.67865,0.6785,0.00022108
1786471200,INJ-PERP-INTX,1.5e-05,20731.0,4.4465,4.446,0.00011246
1786471200,AAVE-PERP-INTX,5e-06,7002.13,87.205,87.22,-0.00017198
1786471200,ENA-PERP-INTX,5e-06,4743744.0,0.088845,0.08888,-0.00039379
1786471200,HBAR-PERP-INTX,1.5e-05,5403672.0,0.06603,0.06604,-0.00015142
1786471200,ONDO-PERP-INTX,3.3e-05,724734.0,0.3342,0.33425,-0.00014959
1786471200,1000PEPE-PERP-INTX,-4e-06,105104418.0,0.0027895,0.00279,-0.00017921
1786471200,1000SHIB-PERP-INTX,-1.2e-05,25031242.0,0.0044335,0.00444,-0.00146396
1786471200,XLM-PERP-INTX,4e-06,1541730.0,0.16064,0.160691,-0.00031738
1786471200,ZEC-PERP-INTX,2e-05,2075.91,472.39,472.19,0.00042356
1786471200,COIN50-PERP-INTX,9e-06,2688.207,240.47,,
1786474800,BTC-PERP-INTX,1.3e-05,2353.8715,63416.95,63396.92,0.00031595
1786474800,ETH-PERP-INTX,5e-06,26581.1661,1873.315,1872.8,0.00027499
1786474800,SOL-PERP-INTX,1e-06,168514.203,75.5335,75.54,-8.605e-05
1786474800,XRP-PERP-INTX,3e-06,4941922.0,1.01355,1.0135,4.933e-05
1786474800,DOGE-PERP-INTX,6e-06,12920000.0,0.07092,0.07093,-0.00014098
1786474800,ADA-PERP-INTX,9e-06,1829586.0,0.18475,0.18478,-0.00016236
1786474800,AVAX-PERP-INTX,6e-06,92568.265,6.2675,6.27,-0.00039872
1786474800,LINK-PERP-INTX,3.3e-05,90710.97,8.5765,8.575,0.00017493
1786474800,DOT-PERP-INTX,3.5e-05,235707.4,0.7855,0.7857,-0.00025455
1786474800,LTC-PERP-INTX,1e-06,12992.64,45.42,45.43,-0.00022012
1786474800,BCH-PERP-INTX,1.5e-05,3387.031,212.195,212.2,-2.356e-05
1786474800,NEAR-PERP-INTX,2.1e-05,747704.6,1.57185,1.5713,0.00035003
1786474800,ATOM-PERP-INTX,-2.2e-05,27354.8,1.437,1.439,-0.00138985
1786474800,UNI-PERP-INTX,1e-05,176022.72,3.7345,3.7337,0.00021426
1786474800,APT-PERP-INTX,-4e-05,67674.3,0.576,0.5761,-0.00017358
1786474800,ARB-PERP-INTX,-1e-06,1341859.5,0.07814,0.0782,-0.00076726
1786474800,OP-PERP-INTX,5.3e-05,327253.5,0.0899,0.089,0.01011236
1786474800,SUI-PERP-INTX,2.7e-05,1014202.9,0.6823,0.6823,0.0
1786474800,INJ-PERP-INTX,9e-06,20703.2,4.4695,4.47,-0.00011186
1786474800,AAVE-PERP-INTX,-1e-06,7003.92,88.155,88.14,0.00017018
1786474800,ENA-PERP-INTX,4e-06,4732610.0,0.087935,0.08799,-0.00062507
1786474800,HBAR-PERP-INTX,1.4e-05,5579987.0,0.066175,0.06614,0.00052918
1786474800,ONDO-PERP-INTX,3.4e-05,722760.0,0.3352,0.3352,0.0
1786474800,1000PEPE-PERP-INTX,-3e-06,103337765.0,0.002803,0.0028,0.00107143
1786474800,1000SHIB-PERP-INTX,-1e-05,25053742.0,0.004447,0.00444,0.00157658
1786474800,XLM-PERP-INTX,6e-06,1541730.0,0.16084,0.160888,-0.00029834
1786474800,ZEC-PERP-INTX,1.7e-05,1801.33,474.395,474.11,0.00060113
1786474800,COIN50-PERP-INTX,9e-06,2699.818,241.08,,
1786478400,BTC-PERP-INTX,1.1e-05,2306.5979,63635.55,63625.91,0.00015151
1786478400,ETH-PERP-INTX,5e-06,26389.3574,1878.815,1878.79,1.331e-05
1786478400,SOL-PERP-INTX,0.0,166077.991,75.8935,75.89,4.612e-05
1786478400,XRP-PERP-INTX,4e-06,4929702.0,1.01675,1.0169,-0.00014751
1786478400,DOGE-PERP-INTX,4e-06,12837482.0,0.07152,0.07152,0.0
1786478400,ADA-PERP-INTX,1.1e-05,2089938.0,0.1859,0.18592,-0.00010757
1786478400,AVAX-PERP-INTX,-2e-06,95085.405,6.3045,6.304,7.931e-05
1786478400,LINK-PERP-INTX,3.3e-05,95719.95,8.6875,8.683,0.00051825
1786478400,DOT-PERP-INTX,4e-05,231427.0,0.787,0.7868,0.00025419
1786478400,LTC-PERP-INTX,1e-06,13027.67,45.46,45.47,-0.00021993
1786478400,BCH-PERP-INTX,6e-06,3393.676,212.715,212.73,-7.051e-05
1786478400,NEAR-PERP-INTX,1.9e-05,746090.5,1.5777,1.5771,0.00038045
1786478400,ATOM-PERP-INTX,-4.1e-05,27354.8,1.4315,1.434,-0.00174338
1786478400,UNI-PERP-INTX,1e-05,176977.86,3.7355,3.7353,5.354e-05
1786478400,APT-PERP-INTX,-3e-05,67083.2,0.5807,0.581,-0.00051635
1786478400,ARB-PERP-INTX,-2e-06,1335978.6,0.078465,0.0785,-0.00044586
1786478400,OP-PERP-INTX,5.7e-05,308695.0,0.0906,0.091,-0.0043956
1786478400,SUI-PERP-INTX,2.1e-05,1014323.9,0.68605,0.6859,0.00021869
1786478400,INJ-PERP-INTX,1.7e-05,18320.0,4.5925,4.597,-0.0009789
1786478400,AAVE-PERP-INTX,1e-06,7084.43,88.07,88.04,0.00034075
1786478400,ENA-PERP-INTX,-4e-06,4623294.0,0.089485,0.08952,-0.00039097
1786478400,HBAR-PERP-INTX,1.3e-05,5590273.0,0.0665,0.06646,0.00060187
1786478400,ONDO-PERP-INTX,2.9e-05,722278.0,0.3355,0.33536,0.00041746
1786478400,1000PEPE-PERP-INTX,0.0,94831488.0,0.002813,0.00281,0.00106762
1786478400,1000SHIB-PERP-INTX,-1e-05,26317078.0,0.0044895,0.00449,-0.00011136
1786478400,XLM-PERP-INTX,3e-06,1535337.0,0.161645,0.16167,-0.00015464
1786478400,ZEC-PERP-INTX,1.5e-05,1752.98,477.035,476.9,0.00028308
1786478400,COIN50-PERP-INTX,7e-06,2697.118,241.985,,
1786482000,BTC-PERP-INTX,8e-06,2301.3535,63601.25,63590.91,0.0001626
1786482000,ETH-PERP-INTX,4e-06,26635.1524,1881.075,1880.75,0.0001728
1786482000,SOL-PERP-INTX,2e-06,167724.294,76.0895,76.09,-6.57e-06
1786482000,XRP-PERP-INTX,4e-06,5049363.0,1.0207,1.0207,0.0
1786482000,DOGE-PERP-INTX,4e-06,12130211.0,0.072015,0.07202,-6.943e-05
1786482000,ADA-PERP-INTX,1e-05,1740680.0,0.1864,0.18649,-0.0004826
1786482000,AVAX-PERP-INTX,1e-06,95147.205,6.3,6.3,0.0
1786482000,LINK-PERP-INTX,3.6e-05,93655.11,8.7645,8.763,0.00017117
1786482000,DOT-PERP-INTX,3.3e-05,232811.0,0.7855,0.7856,-0.00012729
1786482000,LTC-PERP-INTX,6e-06,13014.06,45.425,45.43,-0.00011006
1786482000,BCH-PERP-INTX,2e-06,3393.676,213.51,213.51,0.0
1786482000,NEAR-PERP-INTX,1.6e-05,731967.2,1.59355,1.592,0.00097362
1786482000,ATOM-PERP-INTX,-3.1e-05,27071.3,1.44,1.443,-0.002079
1786482000,UNI-PERP-INTX,1e-05,177228.28,3.749,3.7528,-0.00101258
1786482000,APT-PERP-INTX,-1.7e-05,67083.2,0.581,0.5807,0.00051662
1786482000,ARB-PERP-INTX,5e-06,1335978.6,0.078715,0.0786,0.0014631
1786482000,OP-PERP-INTX,4.9e-05,307500.6,0.0908,0.091,-0.0021978
1786482000,SUI-PERP-INTX,1.8e-05,996618.9,0.69045,0.6904,7.242e-05
1786482000,INJ-PERP-INTX,8e-06,20139.9,4.616,4.616,0.0
1786482000,AAVE-PERP-INTX,2e-06,7082.1,88.105,88.12,-0.00017022
1786482000,ENA-PERP-INTX,-8e-06,4602386.0,0.089715,0.0897,0.00016722
1786482000,HBAR-PERP-INTX,1.1e-05,5640487.0,0.06651,0.06649,0.0003008
1786482000,ONDO-PERP-INTX,2.8e-05,721647.0,0.3353,0.33551,-0.00062591
1786482000,1000PEPE-PERP-INTX,3e-06,94366551.0,0.0028295,0.00283,-0.00017668
1786482000,1000SHIB-PERP-INTX,-6e-06,26124578.0,0.0044895,0.00449,-0.00011136
1786482000,XLM-PERP-INTX,5e-06,1536272.0,0.16186,0.161932,-0.00044463
1786482000,ZEC-PERP-INTX,1.2e-05,1655.05,480.3,480.24,0.00012494
1786482000,COIN50-PERP-INTX,7e-06,2688.686,242.17,,
1786485600,BTC-PERP-INTX,6e-06,2290.954,63617.45,63608.53,0.00014023
1786485600,ETH-PERP-INTX,4e-06,26559.5864,1880.245,1880.04,0.00010904
1786485600,SOL-PERP-INTX,1e-06,169230.169,76.2835,76.28,4.588e-05
1786485600,XRP-PERP-INTX,4e-06,5006313.0,1.01975,1.0197,4.903e-05
1786485600,DOGE-PERP-INTX,4e-06,11956022.0,0.07253,0.07252,0.00013789
1786485600,ADA-PERP-INTX,5e-06,1751137.0,0.18655,0.18664,-0.00048221
1786485600,AVAX-PERP-INTX,1e-06,95407.944,6.3065,6.309,-0.00039626
1786485600,LINK-PERP-INTX,2.9e-05,93121.92,8.766,8.765,0.00011409
1786485600,DOT-PERP-INTX,3.4e-05,229844.0,0.7865,0.7869,-0.00050832
1786485600,LTC-PERP-INTX,6e-06,13034.17,45.445,45.45,-0.00011001
1786485600,BCH-PERP-INTX,3e-06,3391.299,213.555,213.64,-0.00039787
1786485600,NEAR-PERP-INTX,1.6e-05,724205.3,1.60285,1.6032,-0.00021831
1786485600,ATOM-PERP-INTX,-4.9e-05,27063.8,1.437,1.44,-0.00208333
1786485600,UNI-PERP-INTX,7e-06,177008.35,3.7555,3.7552,7.989e-05
1786485600,APT-PERP-INTX,-1.7e-05,67083.2,0.5805,0.5811,-0.00103252
1786485600,ARB-PERP-INTX,0.0,1322596.5,0.07913,0.0791,0.00037927
1786485600,OP-PERP-INTX,3.7e-05,305550.6,0.09075,0.091,-0.00274725
1786485600,SUI-PERP-INTX,1.9e-05,1001858.1,0.69115,0.6911,7.235e-05
1786485600,INJ-PERP-INTX,6e-06,20590.3,4.6335,4.636,-0.00053926
1786485600,AAVE-PERP-INTX,0.0,7076.29,88.185,88.25,-0.00073654
1786485600,ENA-PERP-INTX,-4e-06,4612680.0,0.089625,0.08966,-0.00039036
1786485600,HBAR-PERP-INTX,1e-05,5691663.0,0.0665,0.06649,0.0001504
1786485600,ONDO-PERP-INTX,3.2e-05,722022.0,0.33565,0.33551,0.00041728
1786485600,1000PEPE-PERP-INTX,6e-06,94420678.0,0.0028335,0.00283,0.00123675
1786485600,1000SHIB-PERP-INTX,-7e-06,26139349.0,0.0044905,0.00449,0.00011136
1786485600,XLM-PERP-INTX,1.1e-05,1537520.0,0.161765,0.161767,-1.236e-05
1786485600,ZEC-PERP-INTX,1e-05,1672.52,480.315,480.33,-3.123e-05
1786485600,COIN50-PERP-INTX,7e-06,2694.395,242.255,,
